"","avgHandBatterCareer","avgPlaceBatterCareer","avgHandPitcherCareer","avgPlacePitcherCareer","sampleHandBatterCareer","samplePlaceBatterCareer","sampleHandPitcherCareer","samplePlacePitcherCareer","avgHandBatter2015","avgPlaceBatter2015","avgHandPitcher2015","avgPlacePitcher2015","sampleHandBatter2015","samplePlaceBatter2015","sampleHandPitcher2015","samplePlacePitcher2015","avgHandBatter2014","avgPlaceBatter2014","avgHandPitcher2014","avgPlacePitcher2014","sampleHandBatter2014","samplePlaceBatter2014","sampleHandPitcher2014","samplePlacePitcher2014","hit","atBats","pitcherAvgInMonth","batterAvgInMonth","parkFactor","Date"
"1",0.24313725,0.23932347,0.263955892487939,0.25077688004972,3315,2365,2902,3218,0.2360515,0.22752809,0.284552845528455,0.227272727272727,466,356,369,330,0.25591398,0.25925926,0.36734693877551,0.277777777777778,465,324,49,72,"1",4,0.26266416510319,0.23002755,"0.984","2016-07-16"
"2",0.25754527,0.25311203,0.257541355822251,0.25077688004972,2485,1928,3083,3218,0.27431421,0.25797101,0.269565217391304,0.227272727272727,401,345,345,330,0.24935733,0.28719723,0.157142857142857,0.277777777777778,389,289,70,72,"1",4,0.26266416510319,0.27892235,"0.984","2016-07-16"
"3",0.24561404,0.24195122,0.257541355822251,0.25077688004972,2850,2050,3083,3218,0.24933687,0.25471698,0.269565217391304,0.227272727272727,377,318,345,330,0.18823529,0.22222222,0.157142857142857,0.277777777777778,255,225,70,72,"0",4,0.26266416510319,0.23442136,"0.984","2016-07-16"
"4",0.25912596,0.25792812,0.263955892487939,0.25077688004972,1945,1419,2902,3218,0.26719577,0.25,0.284552845528455,0.227272727272727,378,292,369,330,0.26143791,0.25867508,0.36734693877551,0.277777777777778,459,317,49,72,"1",3,0.26266416510319,0.21719457,"0.984","2016-07-16"
"5",0.23666211,0.22965116,0.257541355822251,0.25077688004972,3655,2752,3083,3218,0.22101449,0.21719457,0.269565217391304,0.227272727272727,276,221,345,330,0.23672566,0.24702381,0.157142857142857,0.277777777777778,452,336,70,72,"1",4,0.26266416510319,0.23636364,"0.984","2016-07-16"
"6",0.26708075,0.24057971,0.263955892487939,0.25077688004972,483,345,2902,3218,0.22818792,0.20909091,0.284552845528455,0.227272727272727,149,110,369,330,0.22818792,0.20909091,0.36734693877551,0.277777777777778,149,110,49,72,"1",4,0.26266416510319,0.24193548,"0.984","2016-07-16"
"7",0.23357664,0.23018868,0.263955892487939,0.25077688004972,411,265,2902,3218,0.17241379,0,0.284552845528455,0.227272727272727,29,10,369,330,0.17241379,0,0.36734693877551,0.277777777777778,29,10,49,72,"1",5,0.26266416510319,0.31147541,"0.984","2016-07-16"
"8",0.23394495,0.25925926,0.263955892487939,0.25077688004972,218,162,2902,3218,0.2375,0.26923077,0.284552845528455,0.227272727272727,80,52,369,330,0.3,0.34782609,0.36734693877551,0.277777777777778,30,23,49,72,"1",4,0.26266416510319,0.19565217,"0.984","2016-07-16"
"9",0.23692552,0.21941489,0.257541355822251,0.25077688004972,1262,752,3083,3218,0.22826087,0.20869565,0.269565217391304,0.227272727272727,184,115,345,330,0.24463519,0.26119403,0.157142857142857,0.277777777777778,233,134,70,72,"1",4,0.26266416510319,0.20879121,"0.984","2016-07-16"
"10",0.27241576,0.26429405,0.227909222597779,0.218068535825545,1751,3428,2071,1284,0.28368794,0.27647059,0.236170212765957,0.241157556270096,141,340,470,311,0.26666667,0.24576271,0.205567451820128,0.209580838323353,180,354,467,334,"1",4,0.221789883268482,0.24466192,"0.984","2016-07-16"
"11",0.22588235,0.24435591,0.227909222597779,0.218068535825545,850,1506,2071,1284,0.20437956,0.25650558,0.236170212765957,0.241157556270096,137,269,470,311,0.2,0.23648649,0.205567451820128,0.209580838323353,95,148,467,334,"1",4,0.221789883268482,0.25,"0.984","2016-07-16"
"12",0.26022989,0.28484024,0.227909222597779,0.218068535825545,2175,4413,2071,1284,0.24271845,0.29739777,0.236170212765957,0.241157556270096,103,269,470,311,0.26136364,0.28143713,0.205567451820128,0.209580838323353,176,334,467,334,"1",4,0.221789883268482,0.28489209,"0.984","2016-07-16"
"13",0.27072072,0.26573626,0.227909222597779,0.218068535825545,2220,3511,2071,1284,0.31632653,0.21632653,0.236170212765957,0.241157556270096,98,245,470,311,0.33544304,0.29139073,0.205567451820128,0.209580838323353,158,302,467,334,"0",4,0.221789883268482,0.25645592,"0.984","2016-07-16"
"14",0.23809524,0.2527881,0.227909222597779,0.218068535825545,420,807,2071,1284,0.32,0.24092409,0.236170212765957,0.241157556270096,125,303,470,311,0.20625,0.25938567,0.205567451820128,0.209580838323353,160,293,467,334,"1",4,0.221789883268482,0.2283737,"0.984","2016-07-16"
"15",0.24369017,0.24546024,0.227909222597779,0.218068535825545,1149,1597,2071,1284,0.21637427,0.18666667,0.236170212765957,0.241157556270096,171,150,470,311,0.24,0.23837209,0.205567451820128,0.209580838323353,150,172,467,334,"1",4,0.221789883268482,0.22109533,"0.984","2016-07-16"
"16",0.25819672,0.2361809,0.227909222597779,0.218068535825545,244,398,2071,1284,0.2952381,0.26415094,0.236170212765957,0.241157556270096,105,212,470,311,0.16666667,0.2,0.205567451820128,0.209580838323353,6,5,467,334,"0",4,0.221789883268482,0.26356589,"0.984","2016-07-16"
"17",0.16326531,0.19417476,0.189873417721519,0.218068535825545,49,206,553,1284,0.28571429,0.18518519,0.220338983050847,0.241157556270096,14,108,118,311,0.2,0,0.122302158273381,0.209580838323353,5,11,139,334,"1",3,0.221789883268482,0.28571429,"0.984","2016-07-16"
"18",0.26046512,0.25295858,0.227909222597779,0.218068535825545,430,676,2071,1284,0.30973451,0.2735426,0.236170212765957,0.241157556270096,113,223,470,311,NA,NA,0.205567451820128,0.209580838323353,NA,NA,467,334,"0",1,0.221789883268482,0.2455516,"0.984","2016-07-16"
"19",0.25595238,0.23529412,0.234803337306317,0.221339387060159,336,204,839,881,0.25595238,0.23529412,0.25,0.226086956521739,336,204,272,230,0.25595238,0.23529412,0.206225680933852,0.216300940438871,336,204,257,319,"0",4,0.230769230769231,0.23853211,"0.936","2016-07-16"
"20",0,0.26051925,0.2375,0.221339387060159,1,1117,960,881,0.25793651,0.28235294,0.225589225589226,0.226086956521739,504,340,297,230,0.27319588,0.26495726,0.241258741258741,0.216300940438871,388,234,286,319,"1",4,0.230769230769231,0.25440806,"0.936","2016-07-16"
"21",0.25088132,0.26051925,0.2375,0.221339387060159,1702,1117,960,881,0.25793651,0.28235294,0.225589225589226,0.226086956521739,504,340,297,230,0.27319588,0.26495726,0.241258741258741,0.216300940438871,388,234,286,319,"1",4,0.230769230769231,0.25440806,"0.936","2016-07-16"
"22",0.27737705,0.26027397,0.234803337306317,0.221339387060159,1525,1022,839,881,0.28431373,0.26126126,0.25,0.226086956521739,510,333,272,230,0.27586207,0.27051672,0.206225680933852,0.216300940438871,464,329,257,319,"1",4,0.230769230769231,0.29230769,"0.936","2016-07-16"
"23",0.26345418,0.26325879,0.2375,0.221339387060159,4441,3130,960,881,0.26095618,0.25501433,0.225589225589226,0.226086956521739,502,349,297,230,0.28351648,0.27329193,0.241258741258741,0.216300940438871,455,322,286,319,"1",4,0.230769230769231,0.30895795,"0.936","2016-07-16"
"24",0.22309603,0.21919505,0.234803337306317,0.221339387060159,2416,1615,839,881,0.22912621,0.21449275,0.25,0.226086956521739,515,345,272,230,0.25436893,0.23853211,0.206225680933852,0.216300940438871,515,327,257,319,"0",4,0.230769230769231,0.23255814,"0.936","2016-07-16"
"25",0.2583908,0.25146019,0.2375,0.221339387060159,4350,3253,960,881,0.27464789,0.22115385,0.225589225589226,0.226086956521739,142,104,297,230,0.30900243,0.27969349,0.241258741258741,0.216300940438871,411,261,286,319,"0",4,0.230769230769231,0.26046987,"0.936","2016-07-16"
"26",0.2337376,0.23466885,0.234803337306317,0.221339387060159,1814,1223,839,881,0.23201856,0.25827815,0.25,0.226086956521739,431,302,272,230,0.23853211,0.19205298,0.206225680933852,0.216300940438871,218,151,257,319,"0",3,0.230769230769231,0.22697368,"0.936","2016-07-16"
"27",0,0.22363335,0.2375,0.221339387060159,1,1811,960,881,0.21192053,0.23333333,0.225589225589226,0.226086956521739,151,90,297,230,0.25132275,0.22265625,0.241258741258741,0.216300940438871,378,256,286,319,"0",3,0.230769230769231,0.23931624,"0.936","2016-07-16"
"28",0.22256332,0.22363335,0.2375,0.221339387060159,2606,1811,960,881,0.21192053,0.23333333,0.225589225589226,0.226086956521739,151,90,297,230,0.25132275,0.22265625,0.241258741258741,0.216300940438871,378,256,286,319,"0",3,0.230769230769231,0.23931624,"0.936","2016-07-16"
"29",0.22222222,0.21857923,0.2375,0.221339387060159,882,549,960,881,0.24264706,0.24137931,0.225589225589226,0.226086956521739,136,87,297,230,0.14444444,0.09259259,0.241258741258741,0.216300940438871,90,54,286,319,"0",3,0.230769230769231,0.23076923,"0.936","2016-07-16"
"30",0.25129088,0.25308642,0.239956803455724,0.239078461204086,4067,2754,4630,4601,0.2832244,0.30181818,0.194774346793349,0.220454545454545,459,275,421,440,0.22962963,0.2027972,0.237986270022883,0.2265625,405,286,437,512,"1",3,0.245911568746214,0.27198124,"0.936","2016-07-16"
"31",0.2442602,0.23666343,0.233922829581994,0.239078461204086,1568,1031,4976,4601,0.25324675,0.26176471,0.24373576309795,0.220454545454545,462,340,439,440,0.25653207,0.23529412,0.239043824701195,0.2265625,421,255,502,512,"0",2,0.245911568746214,0.25,"0.936","2016-07-16"
"32",0.26281808,0.25014376,0.239956803455724,0.239078461204086,2633,1739,4630,4601,0.25098814,0.23145401,0.194774346793349,0.220454545454545,506,337,421,440,0.24952741,0.23782235,0.237986270022883,0.2265625,529,349,437,512,"0",3,0.245911568746214,0.27072758,"0.936","2016-07-16"
"33",0.26744039,0.27121593,0.239956803455724,0.239078461204086,7927,5173,4630,4601,0.22857143,0.24390244,0.194774346793349,0.220454545454545,490,328,421,440,0.24763705,0.25297619,0.237986270022883,0.2265625,529,336,437,512,"0",2,0.245911568746214,0.27340183,"0.936","2016-07-16"
"34",0.23610108,0.2298066,0.233922829581994,0.239078461204086,1385,879,4976,4601,0.1484375,0.14666667,0.24373576309795,0.220454545454545,128,75,439,440,0.25806452,0.22994652,0.239043824701195,0.2265625,341,187,502,512,"0",3,0.245911568746214,0.21766562,"0.936","2016-07-16"
"35",0.24530271,0.23696682,0.239956803455724,0.239078461204086,958,633,4630,4601,0.2540107,0.25,0.194774346793349,0.220454545454545,374,252,421,440,0.21875,0.19230769,0.237986270022883,0.2265625,32,26,437,512,"0",3,0.245911568746214,0.23318386,"0.936","2016-07-16"
"36",0.152,0.16176471,0.233922829581994,0.239078461204086,125,68,4976,4601,0.152,0.16176471,0.24373576309795,0.220454545454545,125,68,439,440,0.152,0.16176471,0.239043824701195,0.2265625,125,68,502,512,"1",3,0.245911568746214,0.2,"0.936","2016-07-16"
"37",0.22560976,0.171875,0.239956803455724,0.239078461204086,164,128,4630,4601,0.5,0.5,0.194774346793349,0.220454545454545,2,2,421,440,0.5,0.5,0.237986270022883,0.2265625,2,2,437,512,"0",3,0.245911568746214,0.23728814,"0.936","2016-07-16"
"38",0.24466424,0.25210793,0.239956803455724,0.239078461204086,1921,1186,4630,4601,0.25431034,0.25270758,0.194774346793349,0.220454545454545,464,277,421,440,0.22814499,0.25182482,0.237986270022883,0.2265625,469,274,437,512,"0",3,0.245911568746214,0.25333333,"0.936","2016-07-16"
"39",0.19266715,0.20527578,0.243436754176611,0.259953161592506,2782,2085,419,427,0.17351598,0.16666667,0.229508196721311,0.147368421052632,438,318,122,95,0.17303371,0.20520231,0.229508196721311,0.147368421052632,445,346,122,95,"1",5,0.314285714285714,0.22146739,"1.064","2016-07-16"
"40",0.2464948,0.23698069,0.243436754176611,0.259953161592506,2211,1709,419,427,0.29064039,0.23170732,0.229508196721311,0.147368421052632,406,328,122,95,0.22727273,0.22807018,0.229508196721311,0.147368421052632,374,285,122,95,"1",4,0.314285714285714,0.23560209,"1.064","2016-07-16"
"41",0.26809651,0.24954463,0.243436754176611,0.259953161592506,746,549,419,427,0.27208481,0.27699531,0.229508196721311,0.147368421052632,283,213,122,95,0.27208481,0.27699531,0.229508196721311,0.147368421052632,283,213,122,95,"0",5,0.314285714285714,0.26940639,"1.064","2016-07-16"
"42",0.20834558,0.21502698,0.288782816229117,0.259953161592506,3403,2409,419,427,0.16896552,0.1790393,0.233333333333333,0.147368421052632,290,229,120,95,0.19444444,0.18623482,0.233333333333333,0.147368421052632,360,247,120,95,"1",3,0.314285714285714,0.22097378,"1.064","2016-07-16"
"43",0.24799082,0.23248408,0.243436754176611,0.259953161592506,871,628,419,427,0.2016129,0.2,0.229508196721311,0.147368421052632,248,190,122,95,0.21910112,0.22834646,0.229508196721311,0.147368421052632,178,127,122,95,"0",3,0.314285714285714,0.25,"1.064","2016-07-16"
"44",0.247543,0.23616601,0.243436754176611,0.259953161592506,1628,1012,419,427,0.22895623,0.22702703,0.229508196721311,0.147368421052632,297,185,122,95,0.24757282,0.26771654,0.229508196721311,0.147368421052632,412,254,122,95,"0",3,0.314285714285714,0.228125,"1.064","2016-07-16"
"45",0.23583367,0.21789194,0.288782816229117,0.259953161592506,4906,3387,419,427,0.2244898,0.25257732,0.233333333333333,0.147368421052632,294,194,120,95,0.30448718,0.31759657,0.233333333333333,0.147368421052632,312,233,120,95,"1",5,0.314285714285714,0.20714286,"1.064","2016-07-16"
"46",0.26769231,0.23589744,0.243436754176611,0.259953161592506,325,195,419,427,0.26769231,0.23589744,0.229508196721311,0.147368421052632,325,195,122,95,0.26769231,0.23589744,0.229508196721311,0.147368421052632,325,195,122,95,"1",3,0.314285714285714,0.31168831,"1.064","2016-07-16"
"47",0.17669173,0.20895522,0.288782816229117,0.259953161592506,532,402,419,427,0.23376623,0.19565217,0.233333333333333,0.147368421052632,77,46,120,95,0.23333333,0.2739726,0.233333333333333,0.147368421052632,90,73,120,95,"0",2,0.314285714285714,0.17021277,"1.064","2016-07-16"
"48",0.25782537,0.25396825,0.223140495867769,0.208770257387989,1214,945,1210,1049,0.28776978,0.26168224,0.215258855585831,0.168639053254438,139,107,367,338,0.24561404,0.27678571,0.24024024024024,0.240282685512367,114,112,333,283,"1",6,0.216738197424893,0.22969188,"1.064","2016-07-16"
"49",0.27387427,0.26797769,0.206689536878216,0.208770257387989,4597,3407,1166,1049,0.23194748,0.22560976,0.193633952254642,0.168639053254438,457,328,377,338,0.24698795,0.24137931,0.215151515151515,0.240282685512367,332,261,330,283,"0",3,0.216738197424893,0.27645051,"1.064","2016-07-16"
"50",0.2128,0.22025316,0.223140495867769,0.208770257387989,625,395,1210,1049,0.21311475,0.25301205,0.215258855585831,0.168639053254438,244,166,367,338,0.21311475,0.25301205,0.24024024024024,0.240282685512367,244,166,333,283,"1",6,0.216738197424893,0.23469388,"1.064","2016-07-16"
"51",0.21015453,0.21815807,0.223140495867769,0.208770257387989,2265,1531,1210,1049,0.21285141,0.20289855,0.215258855585831,0.168639053254438,498,345,367,338,0.194,0.19886364,0.24024024024024,0.240282685512367,500,352,333,283,"1",4,0.216738197424893,0.2096475,"1.064","2016-07-16"
"52",0.21875,0.21929825,0.206689536878216,0.208770257387989,320,228,1166,1049,0.16666667,0.2,0.193633952254642,0.168639053254438,6,5,377,338,0.16666667,0.2,0.215151515151515,0.240282685512367,6,5,330,283,"1",6,0.216738197424893,0.20952381,"1.064","2016-07-16"
"53",0.203125,0.24918033,0.206689536878216,0.208770257387989,384,305,1166,1049,0.17460317,0.26363636,0.193633952254642,0.168639053254438,126,110,377,338,0.28571429,0.27731092,0.215151515151515,0.240282685512367,133,119,330,283,"1",5,0.216738197424893,0.27272727,"1.064","2016-07-16"
"54",0.2528,0.25526316,0.206689536878216,0.208770257387989,625,380,1166,1049,0.24858757,0.3030303,0.193633952254642,0.168639053254438,354,231,377,338,0.24858757,0.3030303,0.215151515151515,0.240282685512367,354,231,330,283,"1",4,0.216738197424893,0.30232558,"1.064","2016-07-16"
"55",0.21359223,0.16030534,0.206689536878216,0.208770257387989,206,131,1166,1049,0,0,0.193633952254642,0.168639053254438,21,15,377,338,0.2,0.13043478,0.215151515151515,0.240282685512367,30,23,330,283,"1",3,0.216738197424893,0.29268293,"1.064","2016-07-16"
"56",0.21518987,0.19917012,0.223140495867769,0.208770257387989,316,241,1210,1049,0.23655914,0.13636364,0.215258855585831,0.168639053254438,93,66,367,338,0.23655914,0.13636364,0.24024024024024,0.240282685512367,93,66,333,283,"0",4,0.216738197424893,0.18181818,"1.064","2016-07-16"
"57",0.27423823,0.25770654,0.231800212129978,0.224499301350722,361,811,10371,6441,0.28571429,0.23880597,0.279863481228669,0.258566978193146,161,335,586,321,0.31147541,0.27722772,0.303370786516854,0.324675324675325,61,101,178,77,"1",4,0.237605238540692,0.27272727,"0.982","2016-07-16"
"58",0.26497696,0.25402844,0.231800212129978,0.224499301350722,1736,3165,10371,6441,0.23584906,0.22916667,0.279863481228669,0.258566978193146,106,240,586,321,0.22485207,0.25347222,0.303370786516854,0.324675324675325,169,288,178,77,"0",3,0.237605238540692,0.27676538,"0.982","2016-07-16"
"59",0.28205128,0.24137931,0.231800212129978,0.224499301350722,507,1015,10371,6441,0.33139535,0.271875,0.279863481228669,0.258566978193146,172,320,586,321,0.23837209,0.20257235,0.303370786516854,0.324675324675325,172,311,178,77,"0",5,0.237605238540692,0.2815534,"0.982","2016-07-16"
"60",0.23762047,0.23076923,0.209294199860238,0.224499301350722,3009,4940,2862,6441,0.21195652,0.2260274,0.171428571428571,0.258566978193146,184,292,140,321,0.24102564,0.22847682,0.129032258064516,0.324675324675325,195,302,31,77,"1",4,0.237605238540692,0.25745587,"0.982","2016-07-16"
"61",0.26746381,0.2615625,0.231800212129978,0.224499301350722,1589,3200,10371,6441,0.21138211,0.22641509,0.279863481228669,0.258566978193146,123,212,586,321,0.23770492,0.26217228,0.303370786516854,0.324675324675325,122,267,178,77,"0",5,0.237605238540692,0.25969342,"0.982","2016-07-16"
"62",1,0.18340027,0.209294199860238,0.224499301350722,1,747,2862,6441,0.26506024,0.15714286,0.171428571428571,0.258566978193146,83,140,140,321,0.20945946,0.17256637,0.129032258064516,0.324675324675325,148,226,31,77,"1",4,0.237605238540692,0.25252525,"0.982","2016-07-16"
"63",0.21315193,0.18340027,0.209294199860238,0.224499301350722,441,747,2862,6441,0.26506024,0.15714286,0.171428571428571,0.258566978193146,83,140,140,321,0.20945946,0.17256637,0.129032258064516,0.324675324675325,148,226,31,77,"1",4,0.237605238540692,0.25252525,"0.982","2016-07-16"
"64",0.24156627,0.23668066,0.231800212129978,0.224499301350722,1660,3097,10371,6441,0.21848739,0.17582418,0.279863481228669,0.258566978193146,119,182,586,321,0.22556391,0.21621622,0.303370786516854,0.324675324675325,133,259,178,77,"1",4,0.237605238540692,0.2404318,"0.982","2016-07-16"
"65",0.30769231,0.27659574,0.231800212129978,0.224499301350722,52,47,10371,6441,NA,NA,0.279863481228669,0.258566978193146,NA,NA,586,321,0.57142857,0.33333333,0.303370786516854,0.324675324675325,7,6,178,77,"1",4,0.237605238540692,0.25,"0.982","2016-07-16"
"66",0.24,0.20446097,0.231800212129978,0.224499301350722,150,269,10371,6441,0.05555556,0.14285714,0.279863481228669,0.258566978193146,36,70,586,321,0.20833333,0.17073171,0.303370786516854,0.324675324675325,24,41,178,77,"1",4,0.237605238540692,0.31313131,"0.982","2016-07-16"
"67",0.22053872,0.23136496,0.242152466367713,0.209745762711864,1188,2066,223,472,0.235,0.24458204,0.246031746031746,0.221719457013575,200,323,126,221,0.22751323,0.23510972,0.246031746031746,0.221719457013575,189,319,126,221,"1",3,0.244565217391304,0.2115903,"0.982","2016-07-16"
"68",0.25242092,0.26692374,0.242152466367713,0.209745762711864,1549,2334,223,472,0.22543353,0.23012552,0.246031746031746,0.221719457013575,173,239,126,221,0.27411168,0.26936027,0.246031746031746,0.221719457013575,197,297,126,221,"0",4,0.244565217391304,0.26161369,"0.982","2016-07-16"
"69",0.25566572,0.24970964,0.217965653896962,0.209745762711864,2824,5166,757,472,0.23376623,0.23897059,0.224747474747475,0.221719457013575,154,272,396,221,0.18300654,0.21008403,0.224747474747475,0.221719457013575,153,238,396,221,"0",4,0.244565217391304,0.23989899,"0.982","2016-07-16"
"70",0.24151063,0.26094164,0.217965653896962,0.209745762711864,3151,6032,757,472,0.21243523,0.225,0.224747474747475,0.221719457013575,193,320,396,221,NA,NA,0.224747474747475,0.221719457013575,NA,NA,396,221,"0",3,0.244565217391304,0.25522606,"0.982","2016-07-16"
"71",0.23333333,0.23655172,0.242152466367713,0.209745762711864,1680,2900,223,472,0.21052632,0.21923077,0.246031746031746,0.221719457013575,133,260,126,221,0.27586207,0.22661871,0.246031746031746,0.221719457013575,145,278,126,221,"1",4,0.244565217391304,0.25551102,"0.982","2016-07-16"
"72",0.24685343,0.2439969,0.217965653896962,0.209745762711864,2463,3873,757,472,0.18,0.22429907,0.224747474747475,0.221719457013575,150,214,396,221,0.1875,0.18666667,0.224747474747475,0.221719457013575,144,225,396,221,"0",4,0.244565217391304,0.24304539,"0.982","2016-07-16"
"73",1,0.21612903,0.242152466367713,0.209745762711864,1,930,223,472,0.2195122,0.20477816,0.246031746031746,0.221719457013575,164,293,126,221,0.12068966,0.19594595,0.246031746031746,0.221719457013575,58,148,126,221,"1",3,0.244565217391304,0.26537217,"0.982","2016-07-16"
"74",0.22420635,0.21612903,0.242152466367713,0.209745762711864,504,930,223,472,0.2195122,0.20477816,0.246031746031746,0.221719457013575,164,293,126,221,0.12068966,0.19594595,0.246031746031746,0.221719457013575,58,148,126,221,"1",3,0.244565217391304,0.26537217,"0.982","2016-07-16"
"75",0.26976744,0.26276347,0.217965653896962,0.209745762711864,1075,2135,757,472,0.272,0.22692308,0.224747474747475,0.221719457013575,125,260,396,221,0.27559055,0.25680934,0.224747474747475,0.221719457013575,127,257,396,221,"0",3,0.244565217391304,0.24010554,"0.982","2016-07-16"
"76",0,0.21445592,0.217965653896962,0.209745762711864,2,2518,757,472,0.26,0.23734177,0.224747474747475,0.221719457013575,200,316,396,221,0.2173913,0.22569444,0.224747474747475,0.221719457013575,138,288,396,221,"1",3,0.244565217391304,0.25589226,"0.982","2016-07-16"
"77",0.2368932,0.21445592,0.217965653896962,0.209745762711864,1545,2518,757,472,0.26,0.23734177,0.224747474747475,0.221719457013575,200,316,396,221,0.2173913,0.22569444,0.224747474747475,0.221719457013575,138,288,396,221,"1",3,0.244565217391304,0.25589226,"0.982","2016-07-16"
"78",0.21763085,0.22894168,0.207860922146636,0.220045214770158,726,463,1323,1327,0.2345679,0.25,0.190588235294118,0.194103194103194,162,108,425,407,0.22807018,0.30434783,0.196319018404908,0.22360248447205,57,46,489,483,"1",4,0.209932279909707,0.18934911,"0.921","2016-07-16"
"79",0.23896104,0.23551637,0.221097046413502,0.220045214770158,2310,1588,1185,1327,0.2600349,0.23076923,0.20935960591133,0.194103194103194,573,351,406,407,0.21899225,0.24089636,0.221951219512195,0.22360248447205,516,357,410,483,"0",3,0.209932279909707,0.23076923,"0.921","2016-07-16"
"80",0.23351121,0.22858942,0.221097046413502,0.220045214770158,4685,3176,1185,1327,0.23715415,0.23809524,0.20935960591133,0.194103194103194,506,315,406,407,0.23953488,0.22556391,0.221951219512195,0.22360248447205,430,266,410,483,"1",4,0.209932279909707,0.24921466,"0.921","2016-07-16"
"81",0.20804989,0.21406959,0.207860922146636,0.220045214770158,1764,1322,1323,1327,0.125,0.1875,0.190588235294118,0.194103194103194,32,32,425,407,0.24736842,0.25333333,0.196319018404908,0.22360248447205,190,150,489,483,"0",4,0.209932279909707,0.23515439,"0.921","2016-07-16"
"82",0.25353588,0.24132492,0.221097046413502,0.220045214770158,3818,2536,1185,1327,0.23820755,0.25498008,0.20935960591133,0.194103194103194,424,251,406,407,0.27536232,0.21195652,0.221951219512195,0.22360248447205,276,184,410,483,"1",4,0.209932279909707,0.26509573,"0.921","2016-07-16"
"83",0.24501425,0.24033149,0.221097046413502,0.220045214770158,1053,724,1185,1327,0.26059322,0.25796178,0.20935960591133,0.194103194103194,472,314,406,407,0.23287671,0.29545455,0.221951219512195,0.22360248447205,73,44,410,483,"0",4,0.209932279909707,0.26767677,"0.921","2016-07-16"
"84",0.19552239,0.20824598,0.207860922146636,0.220045214770158,2010,1431,1323,1327,0.19791667,0.17307692,0.190588235294118,0.194103194103194,288,156,425,407,0.1625,0.22147651,0.196319018404908,0.22360248447205,160,149,489,483,"1",4,0.209932279909707,0.17113402,"0.921","2016-07-16"
"85",0.22021457,0.21283509,0.221097046413502,0.220045214770158,1771,1231,1185,1327,0.2,0.23529412,0.20935960591133,0.194103194103194,20,17,406,407,0.20765027,0.23684211,0.221951219512195,0.22360248447205,183,152,410,483,"0",2,0.209932279909707,0.2357513,"0.921","2016-07-16"
"86",0.22377049,0.21494102,0.207860922146636,0.220045214770158,1220,763,1323,1327,0.175,0.13333333,0.190588235294118,0.194103194103194,40,30,425,407,0.2,0.24691358,0.196319018404908,0.22360248447205,115,81,489,483,"1",3,0.209932279909707,0.228,"0.921","2016-07-16"
"87",0.21919054,0.23242559,0.219453376205788,0.237324130607911,2199,1579,3732,3767,0.18324607,0.21481481,0.206235011990408,0.267139479905437,191,135,417,423,0.22716049,0.2218543,0.193627450980392,0.209051724137931,405,302,408,464,"0",4,0.241071428571429,0.21493213,"0.921","2016-07-16"
"88",0.24754635,0.22952295,0.219453376205788,0.237324130607911,1834,1111,3732,3767,0.25316456,0.23404255,0.206235011990408,0.267139479905437,316,188,417,423,0.23043478,0.22463768,0.193627450980392,0.209051724137931,230,138,408,464,"1",3,0.241071428571429,0.2465374,"0.921","2016-07-16"
"89",0.24367385,0.22957746,0.219453376205788,0.237324130607911,2134,1420,3732,3767,0.26096998,0.23396226,0.206235011990408,0.267139479905437,433,265,417,423,0.25694444,0.27979275,0.193627450980392,0.209051724137931,288,193,408,464,"0",3,0.241071428571429,0.24489796,"0.921","2016-07-16"
"90",0.22946708,0.27241963,0.24057492931197,0.237324130607911,1595,1182,4244,3767,0.26637555,0.28248588,0.233404710920771,0.267139479905437,229,177,467,423,0.2,0.2761194,0.221343873517787,0.209051724137931,160,134,506,464,"0",4,0.241071428571429,0.27034121,"0.921","2016-07-16"
"91",0.22615385,0.22989807,0.24057492931197,0.237324130607911,1300,883,4244,3767,0.23291925,0.26141079,0.233404710920771,0.267139479905437,322,241,467,423,0.21791768,0.21111111,0.221343873517787,0.209051724137931,413,270,506,464,"1",4,0.241071428571429,0.21370968,"0.921","2016-07-16"
"92",0.23895254,0.21954485,0.219453376205788,0.237324130607911,1222,747,3732,3767,0.23195876,0.23193916,0.206235011990408,0.267139479905437,388,263,417,423,0.27346939,0.24827586,0.193627450980392,0.209051724137931,245,145,408,464,"1",3,0.241071428571429,0.25,"0.921","2016-07-16"
"93",0.20963426,0.23127464,0.24057492931197,0.237324130607911,1121,761,4244,3767,0.21281465,0.25337838,0.233404710920771,0.267139479905437,437,296,467,423,0.18787879,0.18897638,0.221343873517787,0.209051724137931,165,127,506,464,"0",2,0.241071428571429,0.17741935,"0.921","2016-07-16"
"94",0.19178082,0.24679487,0.24057492931197,0.237324130607911,365,312,4244,3767,0.10989011,0.17647059,0.233404710920771,0.267139479905437,91,85,467,423,0.28571429,0.36734694,0.221343873517787,0.209051724137931,70,49,506,464,"0",2,0.241071428571429,0.2739726,"0.921","2016-07-16"
"95",0.28504673,0.26950355,0.24057492931197,0.237324130607911,214,141,4244,3767,0.28504673,0.26950355,0.233404710920771,0.267139479905437,214,141,467,423,0.28504673,0.26950355,0.221343873517787,0.209051724137931,214,141,506,464,"1",3,0.241071428571429,0.22807018,"0.921","2016-07-16"
"96",0.22416974,0.24296675,0.222026947861746,0.229352678571429,1084,782,1707,1792,0.23024055,0.28571429,0.203846153846154,0.24468085106383,291,231,260,282,0.21686747,0.21965318,0.201201201201201,0.223650385604113,249,173,333,389,"0",4,0.235036496350365,0.20606061,"0.953","2016-07-16"
"97",0.23952096,0.24546554,0.240943070730305,0.229352678571429,1169,827,1739,1792,0.25345622,0.27860697,0.25,0.24468085106383,217,201,256,282,0.24535316,0.25324675,0.265957446808511,0.223650385604113,269,154,376,389,"1",4,0.235036496350365,0.26779661,"0.953","2016-07-16"
"98",0.2766754,0.28471097,0.222026947861746,0.229352678571429,2671,1851,1707,1792,0.27139875,0.26780627,0.203846153846154,0.24468085106383,479,351,260,282,0.2967033,0.29380054,0.201201201201201,0.223650385604113,546,371,333,389,"1",4,0.235036496350365,0.28401361,"0.953","2016-07-16"
"99",0.25321337,0.23090909,0.222026947861746,0.229352678571429,778,550,1707,1792,0.25342466,0.21585903,0.203846153846154,0.24468085106383,292,227,260,282,0.25342466,0.21585903,0.201201201201201,0.223650385604113,292,227,333,389,"1",3,0.235036496350365,0.24509804,"0.953","2016-07-16"
"100",0.20663265,0.20748299,0.240943070730305,0.229352678571429,2352,1470,1739,1792,0.21883657,0.21235521,0.25,0.24468085106383,361,259,256,282,0.22295806,0.21830986,0.265957446808511,0.223650385604113,453,284,376,389,"0",4,0.235036496350365,0.19230769,"0.953","2016-07-16"
"101",0.22585081,0.22526934,0.240943070730305,0.229352678571429,2909,2042,1739,1792,0.2115942,0.23272727,0.25,0.24468085106383,345,275,256,282,0.22021661,0.22772277,0.265957446808511,0.223650385604113,277,202,376,389,"0",3,0.235036496350365,0.19910847,"0.953","2016-07-16"
"102",0.23500652,0.23169601,0.222026947861746,0.229352678571429,3068,2158,1707,1792,0.24594595,0.25490196,0.203846153846154,0.24468085106383,370,255,260,282,0.26095618,0.25153374,0.201201201201201,0.223650385604113,502,326,333,389,"0",3,0.235036496350365,0.20804438,"0.953","2016-07-16"
"103",0.15322581,0.13953488,0.240943070730305,0.229352678571429,124,86,1739,1792,0.15322581,0.13953488,0.25,0.24468085106383,124,86,256,282,0.15322581,0.13953488,0.265957446808511,0.223650385604113,124,86,376,389,"1",3,0.235036496350365,0.20588235,"0.953","2016-07-16"
"104",0.21711292,0.20486111,0.240943070730305,0.229352678571429,1718,1152,1739,1792,0.19318182,0.19796954,0.25,0.24468085106383,264,197,256,282,0.19430052,0.19758065,0.265957446808511,0.223650385604113,386,248,376,389,"0",3,0.235036496350365,0.20949721,"0.953","2016-07-16"
"105",0.21481481,0.22068966,0.214446952595937,0.236559139784946,135,145,443,372,0.32432432,0.28571429,0.216216216216216,0.231884057971014,37,49,259,276,0.17977528,0.18823529,0.216216216216216,0.231884057971014,89,85,259,276,"0",3,0.213636363636364,0.2920354,"0.953","2016-07-16"
"106",0.23135889,0.23505976,0.212121212121212,0.236559139784946,1435,1004,429,372,0.1969697,0.18181818,0.191570881226054,0.231884057971014,198,143,261,276,0.25747126,0.271777,0.191570881226054,0.231884057971014,435,287,261,276,"1",3,0.213636363636364,0.20481928,"0.953","2016-07-16"
"107",0.29142414,0.27741257,0.212121212121212,0.236559139784946,5154,3803,429,372,0.2718894,0.27272727,0.191570881226054,0.231884057971014,434,330,261,276,0.29126214,0.27476038,0.191570881226054,0.231884057971014,412,313,261,276,"1",4,0.213636363636364,0.29445351,"0.953","2016-07-16"
"108",0.24449244,0.22209436,0.212121212121212,0.236559139784946,2315,1738,429,372,0.22022472,0.21238938,0.191570881226054,0.231884057971014,445,339,261,276,0.25179856,0.26688103,0.191570881226054,0.231884057971014,417,311,261,276,"0",2,0.213636363636364,0.27366609,"0.953","2016-07-16"
"109",0.22916667,0.24117647,0.214446952595937,0.236559139784946,144,170,443,372,0.22916667,0.24117647,0.216216216216216,0.231884057971014,144,170,259,276,0.22916667,0.24117647,0.216216216216216,0.231884057971014,144,170,259,276,"0",3,0.213636363636364,0.1875,"0.953","2016-07-16"
"110",0.26021798,0.26019336,0.212121212121212,0.236559139784946,3670,2379,429,372,0.25217391,0.28911565,0.191570881226054,0.231884057971014,460,294,261,276,0.32384342,0.29100529,0.191570881226054,0.231884057971014,281,189,261,276,"0",3,0.213636363636364,0.23614776,"0.953","2016-07-16"
"111",0.22031474,0.23355462,0.214446952595937,0.236559139784946,2097,1657,443,372,0.22077922,0.23255814,0.216216216216216,0.231884057971014,77,86,259,276,NA,NA,0.216216216216216,0.231884057971014,NA,NA,259,276,"1",3,0.213636363636364,0.21771218,"0.953","2016-07-16"
"112",0.15469613,0.2265625,0.214446952595937,0.236559139784946,181,128,443,372,0.09375,0.23188406,0.216216216216216,0.231884057971014,96,69,259,276,0.2195122,0.18518519,0.216216216216216,0.231884057971014,41,27,259,276,"0",2,0.213636363636364,0.15,"0.953","2016-07-16"
"113",0.18562874,0.16770186,0.212121212121212,0.236559139784946,167,161,429,372,0.20689655,0.14285714,0.191570881226054,0.231884057971014,29,35,261,276,0.09090909,0.09090909,0.191570881226054,0.231884057971014,11,11,261,276,"1",2,0.213636363636364,0.2238806,"0.953","2016-07-16"
"114",0.24438743,0.25051476,0.212732919254658,0.212860310421286,1559,2914,1932,1353,0.24305556,0.25083612,0.279569892473118,0.244047619047619,144,299,186,168,0.31547619,0.25280899,0.212121212121212,0.230769230769231,168,356,33,26,"0",4,0.204678362573099,0.25433526,"0.901","2016-07-16"
"115",0.2133995,0.23453608,0.212732919254658,0.212860310421286,403,776,1932,1353,0.22115385,0.23076923,0.279569892473118,0.244047619047619,104,182,186,168,0.18571429,0.20992366,0.212121212121212,0.230769230769231,140,262,33,26,"0",4,0.204678362573099,0.22764228,"0.901","2016-07-16"
"116",0.26134801,0.25718391,0.212732919254658,0.212860310421286,727,1392,1932,1353,0.22777778,0.24661247,0.279569892473118,0.244047619047619,180,369,186,168,0.2254902,0.24175824,0.212121212121212,0.230769230769231,102,182,33,26,"0",4,0.204678362573099,0.21393035,"0.901","2016-07-16"
"117",0.23439099,0.22701149,0.212732919254658,0.212860310421286,977,1740,1932,1353,0.27027027,0.24242424,0.279569892473118,0.244047619047619,185,264,186,168,0.22222222,0.1920904,0.212121212121212,0.230769230769231,90,177,33,26,"1",4,0.204678362573099,0.23090909,"0.901","2016-07-16"
"118",0,0.21435228,0.213751868460389,0.212860310421286,2,2146,669,1353,0.24401914,0.20512821,0.239130434782609,0.244047619047619,209,351,92,168,0.16969697,0.17525773,0.272727272727273,0.230769230769231,165,291,11,26,"1",3,0.204678362573099,0.19912791,"0.901","2016-07-16"
"119",0.21416938,0.21435228,0.213751868460389,0.212860310421286,1228,2146,669,1353,0.24401914,0.20512821,0.239130434782609,0.244047619047619,209,351,92,168,0.16969697,0.17525773,0.272727272727273,0.230769230769231,165,291,11,26,"1",3,0.204678362573099,0.19912791,"0.901","2016-07-16"
"120",0,0.22603878,0.212732919254658,0.212860310421286,1,1805,1932,1353,0.24657534,0.2173913,0.279569892473118,0.244047619047619,73,161,186,168,0.22727273,0.3015873,0.212121212121212,0.230769230769231,22,63,33,26,"1",3,0.204678362573099,0.21763602,"0.901","2016-07-16"
"121",0.24634656,0.22603878,0.212732919254658,0.212860310421286,958,1805,1932,1353,0.24657534,0.2173913,0.279569892473118,0.244047619047619,73,161,186,168,0.22727273,0.3015873,0.212121212121212,0.230769230769231,22,63,33,26,"1",3,0.204678362573099,0.21763602,"0.901","2016-07-16"
"122",0.23404255,0.23767548,0.212732919254658,0.212860310421286,1598,3063,1932,1353,0.2016129,0.2039801,0.279569892473118,0.244047619047619,124,201,186,168,0.21126761,0.26978417,0.212121212121212,0.230769230769231,142,278,33,26,"1",4,0.204678362573099,0.23034735,"0.901","2016-07-16"
"123",0.21612903,0.22632226,0.212732919254658,0.212860310421286,620,813,1932,1353,0.24175824,0.20930233,0.279569892473118,0.244047619047619,91,86,186,168,0.2195122,0.21276596,0.212121212121212,0.230769230769231,41,47,33,26,"1",4,0.204678362573099,0.20357143,"0.901","2016-07-16"
"124",0.28888889,0.22,0.212732919254658,0.212860310421286,90,150,1932,1353,0.28888889,0.22,0.279569892473118,0.244047619047619,90,150,186,168,0.28888889,0.22,0.212121212121212,0.230769230769231,90,150,33,26,"1",3,0.204678362573099,0.28571429,"0.901","2016-07-16"
"125",0.2182285,0.23309609,0.224813895781638,0.23138548539114,1558,1124,2015,2122,0.24170616,0.24398625,0.243169398907104,0.256484149855908,422,291,366,347,0.18333333,0.21965318,0.20460358056266,0.23019801980198,180,173,391,404,"0",3,0.217965653896962,0.19585253,"0.901","2016-07-16"
"126",0.22655123,0.22812846,0.225778546712803,0.23138548539114,1386,903,2312,2122,0.23138298,0.2388664,0.232,0.256484149855908,376,247,375,347,0.2124183,0.17142857,0.227083333333333,0.23019801980198,306,175,480,404,"0",4,0.217965653896962,0.2150838,"0.901","2016-07-16"
"127",0.2351912,0.2392201,0.224813895781638,0.23138548539114,4001,2667,2015,2122,0.22267206,0.24924925,0.243169398907104,0.256484149855908,494,333,366,347,0.22350674,0.22766571,0.20460358056266,0.23019801980198,519,347,391,404,"0",4,0.217965653896962,0.20930233,"0.901","2016-07-16"
"128",0.21580247,0.2056686,0.225778546712803,0.23138548539114,2025,1376,2312,2122,0.21348315,0.18823529,0.232,0.256484149855908,356,255,375,347,0.21481481,0.21505376,0.227083333333333,0.23019801980198,270,186,480,404,"1",4,0.217965653896962,0.17350746,"0.901","2016-07-16"
"129",0.21076233,0.18997912,0.224813895781638,0.23138548539114,669,479,2015,2122,0.20588235,0.16666667,0.243169398907104,0.256484149855908,306,246,366,347,0,0.08333333,0.20460358056266,0.23019801980198,19,12,391,404,"1",3,0.217965653896962,0.19230769,"0.901","2016-07-16"
"130",0.26569218,0.27492877,0.225778546712803,0.23138548539114,1163,702,2312,2122,0.30285714,0.36144578,0.232,0.256484149855908,175,83,375,347,0.29736842,0.32945736,0.227083333333333,0.23019801980198,380,258,480,404,"0",4,0.217965653896962,0.2699115,"0.901","2016-07-16"
"131",0.21013133,0.2322695,0.224813895781638,0.23138548539114,533,564,2015,2122,0.2327044,0.20304569,0.243169398907104,0.256484149855908,159,197,366,347,0.21556886,0.24539877,0.20460358056266,0.23019801980198,167,163,391,404,"0",3,0.217965653896962,0.15789474,"0.901","2016-07-16"
"132",0.24137931,0.22932917,0.225778546712803,0.23138548539114,986,641,2312,2122,0.25454545,0.22900763,0.232,0.256484149855908,385,262,375,347,0.25174825,0.25,0.227083333333333,0.23019801980198,286,180,480,404,"0",2,0.217965653896962,0.19090909,"0.901","2016-07-16"
"133",0.18867925,0.25974026,0.224813895781638,0.23138548539114,106,77,2015,2122,0.07142857,0.27777778,0.243169398907104,0.256484149855908,14,18,366,347,0.07142857,0.27777778,0.20460358056266,0.23019801980198,14,18,391,404,"1",3,0.217965653896962,0.18918919,"0.901","2016-07-16"
"134",0.25392465,0.2380064,0.242788461538462,0.2425,5096,3752,416,400,0.19805195,0.20746888,0.142857142857143,0.168831168831169,308,241,91,77,0.25657895,0.23123123,0.142857142857143,0.168831168831169,456,333,91,77,"1",6,0.212121212121212,0.26992754,"1.139","2016-07-16"
"135",0.30426716,0.26987952,0.242788461538462,0.2425,539,415,416,400,0.3030303,0.28787879,0.142857142857143,0.168831168831169,66,66,91,77,0.3030303,0.28787879,0.142857142857143,0.168831168831169,66,66,91,77,"1",6,0.212121212121212,0.32673267,"1.139","2016-07-16"
"136",0.26905537,0.25,0.232375979112272,0.2425,1535,1176,383,400,0.27652733,0.24279835,0.328571428571429,0.168831168831169,311,243,70,77,0.31192661,0.29487179,0.328571428571429,0.168831168831169,218,156,70,77,"1",4,0.212121212121212,0.27747253,"1.139","2016-07-16"
"137",0.26227316,0.26529563,0.242788461538462,0.2425,5235,3890,416,400,0.23491379,0.24924925,0.142857142857143,0.168831168831169,464,333,91,77,0.27066116,0.26285714,0.142857142857143,0.168831168831169,484,350,91,77,"1",6,0.212121212121212,0.26734349,"1.139","2016-07-16"
"138",0.20200463,0.19467956,0.242788461538462,0.2425,1297,827,416,400,0.18356164,0.19534884,0.142857142857143,0.168831168831169,365,215,91,77,0.21037464,0.20737327,0.142857142857143,0.168831168831169,347,217,91,77,"0",3,0.212121212121212,0.25,"1.139","2016-07-16"
"139",0.26770428,0.26569343,0.232375979112272,0.2425,3855,2740,383,400,0.27851459,0.25896414,0.328571428571429,0.168831168831169,377,251,70,77,0.25742574,0.27906977,0.328571428571429,0.168831168831169,505,344,70,77,"1",5,0.212121212121212,0.28969957,"1.139","2016-07-16"
"140",0.25925926,0.24705882,0.232375979112272,0.2425,1269,935,383,400,0.22844828,0.2173913,0.328571428571429,0.168831168831169,232,161,70,77,0.27216495,0.26488095,0.328571428571429,0.168831168831169,485,336,70,77,"0",5,0.212121212121212,0.24719101,"1.139","2016-07-16"
"141",0.29411765,0.3015873,0.242788461538462,0.2425,102,63,416,400,0.29411765,0.3015873,0.142857142857143,0.168831168831169,102,63,91,77,0.29411765,0.3015873,0.142857142857143,0.168831168831169,102,63,91,77,"0",4,0.212121212121212,0.27906977,"1.139","2016-07-16"
"142",0.05617978,0.02040816,0.232375979112272,0.2425,89,49,383,400,0,0,0.328571428571429,0.168831168831169,6,3,70,77,0.15384615,0.07692308,0.328571428571429,0.168831168831169,26,13,70,77,"0",3,0.212121212121212,0,"1.139","2016-07-16"
"143",0.26888218,0.25845229,0.242889390519187,0.253034547152194,1986,1331,2215,2142,0.23732719,0.2310231,0.288888888888889,0.272727272727273,434,303,45,22,0.24593968,0.24264706,0.254408060453401,0.268229166666667,431,272,397,384,"0",5,0.237936772046589,0.25515464,"1.139","2016-07-16"
"144",0.24261115,0.24143242,0.245842696629213,0.253034547152194,3891,2597,2225,2142,0.21621622,0.20689655,0.224489795918367,0.272727272727273,370,232,49,22,0.24624625,0.23963134,0.275626423690205,0.268229166666667,333,217,439,384,"1",5,0.237936772046589,0.2431466,"1.139","2016-07-16"
"145",0.24338206,0.24482339,0.242889390519187,0.253034547152194,2531,1642,2215,2142,0.24954463,0.26086957,0.288888888888889,0.272727272727273,549,345,45,22,0.24736842,0.25726141,0.254408060453401,0.268229166666667,380,241,397,384,"1",5,0.237936772046589,0.25966851,"1.139","2016-07-16"
"146",0.24153005,0.22058824,0.245842696629213,0.253034547152194,915,544,2225,2142,0.24483776,0.2,0.224489795918367,0.272727272727273,339,190,49,22,0.23423423,0.21818182,0.275626423690205,0.268229166666667,111,55,439,384,"1",5,0.237936772046589,0.24096386,"1.139","2016-07-16"
"147",0.22009908,0.23093448,0.242889390519187,0.253034547152194,1413,931,2215,2142,0.21167883,0.20833333,0.288888888888889,0.272727272727273,274,168,45,22,0.1955836,0.23444976,0.254408060453401,0.268229166666667,317,209,397,384,"0",3,0.237936772046589,0.22344322,"1.139","2016-07-16"
"148",0.24313187,0.25635593,0.242889390519187,0.253034547152194,728,472,2215,2142,0.26058632,0.26486486,0.288888888888889,0.272727272727273,307,185,45,22,0.26058632,0.26486486,0.254408060453401,0.268229166666667,307,185,397,384,"0",4,0.237936772046589,0.26136364,"1.139","2016-07-16"
"149",0.24873096,0.28571429,0.242889390519187,0.253034547152194,394,273,2215,2142,0.13888889,0.14285714,0.288888888888889,0.272727272727273,36,21,45,22,0.13888889,0.14285714,0.254408060453401,0.268229166666667,36,21,397,384,"1",4,0.237936772046589,0.22222222,"1.139","2016-07-16"
"150",0.18991597,0.19679634,0.242889390519187,0.253034547152194,595,437,2215,2142,0.18639053,0.18965517,0.288888888888889,0.272727272727273,338,232,45,22,0.21621622,0.17647059,0.254408060453401,0.268229166666667,37,34,397,384,"1",4,0.237936772046589,0.17977528,"1.139","2016-07-16"
"151",0.04651163,0.1,0.242889390519187,0.253034547152194,43,30,2215,2142,0,0.16666667,0.288888888888889,0.272727272727273,5,6,45,22,0,0.16666667,0.254408060453401,0.268229166666667,5,6,397,384,"0",1,0.237936772046589,0.1,"1.139","2016-07-16"
"152",0.2721202,0.24129353,0.260960334029228,0.234086242299795,1797,1206,479,487,0.26494024,0.21406728,0.298969072164948,0.275862068965517,502,327,194,232,0.26844262,0.22666667,0.302325581395349,0.193548387096774,488,300,43,31,"1",5,0.267857142857143,0.27390181,"1.009","2016-07-16"
"153",0.27429806,0.24183007,0.255198487712665,0.234086242299795,1852,1224,529,487,0.27311828,0.25496689,0.263414634146341,0.275862068965517,465,302,205,232,0.24019608,0.20233463,0.24390243902439,0.193548387096774,408,257,41,31,"1",4,0.267857142857143,0.29009434,"1.009","2016-07-16"
"154",0.2662413,0.24020888,0.255198487712665,0.234086242299795,1724,1149,529,487,0.27701375,0.23867069,0.263414634146341,0.275862068965517,509,331,205,232,0.26253687,0.24884793,0.24390243902439,0.193548387096774,339,217,41,31,"1",4,0.267857142857143,0.21717172,"1.009","2016-07-16"
"155",0.27205636,0.23700234,0.260960334029228,0.234086242299795,2981,2135,479,487,0.27045455,0.22442244,0.298969072164948,0.275862068965517,440,303,194,232,0.21465969,0.1474359,0.302325581395349,0.193548387096774,191,156,43,31,"0",4,0.267857142857143,0.28142077,"1.009","2016-07-16"
"156",0.24579125,0.21596244,0.255198487712665,0.234086242299795,297,213,529,487,0.24579125,0.21596244,0.263414634146341,0.275862068965517,297,213,205,232,0.24579125,0.21596244,0.24390243902439,0.193548387096774,297,213,41,31,"1",4,0.267857142857143,0.25274725,"1.009","2016-07-16"
"157",0.22681159,0.23772242,0.255198487712665,0.234086242299795,1380,1405,529,487,0.12,0.22105263,0.263414634146341,0.275862068965517,25,95,205,232,0.2,0.22033898,0.24390243902439,0.193548387096774,75,118,41,31,"1",4,0.267857142857143,0.20990566,"1.009","2016-07-16"
"158",0.20621543,0.20768662,0.255198487712665,0.234086242299795,3797,2706,529,487,0.20578778,0.19396552,0.263414634146341,0.275862068965517,311,232,205,232,0.17757009,0.1938326,0.24390243902439,0.193548387096774,321,227,41,31,"0",2,0.267857142857143,0.18029115,"1.009","2016-07-16"
"159",0.23478702,0.21807319,0.255198487712665,0.234086242299795,1972,1339,529,487,0.28378378,0.2247191,0.263414634146341,0.275862068965517,296,178,205,232,0.23076923,0.20720721,0.24390243902439,0.193548387096774,195,111,41,31,"1",4,0.267857142857143,0.22955145,"1.009","2016-07-16"
"160",0.05797101,0.03921569,0.255198487712665,0.234086242299795,69,51,529,487,0.09090909,0.07692308,0.263414634146341,0.275862068965517,22,13,205,232,0,0,0.24390243902439,0.193548387096774,2,1,41,31,"0",2,0.267857142857143,0,"1.009","2016-07-16"
"161",0.21118721,0.23062382,0.231591448931116,0.232779097387173,876,529,842,842,0.2194617,0.23183391,0.218045112781955,0.201754385964912,483,289,266,228,0.06976744,0.04,0.306451612903226,0.333333333333333,43,25,62,39,"0",3,0.249190938511327,0.18316832,"1.009","2016-07-16"
"162",0.21672556,0.19952494,0.279357231149567,0.232779097387173,2547,1684,809,842,0.18115942,0.12871287,0.26271186440678,0.201754385964912,138,101,236,228,0.1898017,0.18723404,0.353846153846154,0.333333333333333,353,235,65,39,"0",4,0.249190938511327,0.22748092,"1.009","2016-07-16"
"163",0.26115897,0.24877518,0.231591448931116,0.232779097387173,2554,1837,842,842,0.26239067,0.23004695,0.218045112781955,0.201754385964912,343,213,266,228,0.25806452,0.22988506,0.306451612903226,0.333333333333333,496,348,62,39,"0",4,0.249190938511327,0.26485569,"1.009","2016-07-16"
"164",0.25754885,0.255054,0.231591448931116,0.232779097387173,5067,3611,842,842,0.26501035,0.24776119,0.218045112781955,0.201754385964912,483,335,266,228,0.2475442,0.24489796,0.306451612903226,0.333333333333333,509,343,62,39,"1",4,0.249190938511327,0.2724979,"1.009","2016-07-16"
"165",0.25,0.27184466,0.279357231149567,0.232779097387173,548,412,809,842,0.24817518,0.30508475,0.26271186440678,0.201754385964912,137,118,236,228,0.24817518,0.30508475,0.353846153846154,0.333333333333333,137,118,65,39,"0",3,0.249190938511327,0.3046875,"1.009","2016-07-16"
"166",0.27574171,0.28150134,0.231591448931116,0.232779097387173,1146,746,842,842,0.30900243,0.30677291,0.218045112781955,0.201754385964912,411,251,266,228,0.26384365,0.29107981,0.306451612903226,0.333333333333333,307,213,62,39,"1",3,0.249190938511327,0.26359833,"1.009","2016-07-16"
"167",0.26775956,0.26450116,0.231591448931116,0.232779097387173,6039,3879,842,842,0.28985507,0.25242718,0.218045112781955,0.201754385964912,345,206,266,228,0.2519084,0.2816092,0.306451612903226,0.333333333333333,262,174,62,39,"1",4,0.249190938511327,0.26775956,"1.009","2016-07-16"
"168",0.251267,0.24438313,0.231591448931116,0.232779097387173,3749,2537,842,842,0.24782609,0.23701299,0.218045112781955,0.201754385964912,460,308,266,228,0.26326964,0.23642173,0.306451612903226,0.333333333333333,471,313,62,39,"1",4,0.249190938511327,0.26993865,"1.009","2016-07-16"
"169",0.09375,0.13157895,0.279357231149567,0.232779097387173,64,38,809,842,0.07142857,0.11764706,0.26271186440678,0.201754385964912,28,17,236,228,NA,NA,0.353846153846154,0.333333333333333,0,0,65,39,"1",3,0.249190938511327,0.14285714,"1.009","2016-07-16"
"170",0.24976437,0.25318066,0.237277147487844,0.238484155504737,1061,786,3085,3061,0.23333333,0.2406639,0.212962962962963,0.23249299719888,300,241,324,357,0.24496644,0.26222222,0.218068535825545,0.207236842105263,298,225,321,304,"0",4,0.25587958607714,0.27722772,"0.928","2016-07-16"
"171",0.24135928,0.23340659,0.241502683363148,0.238484155504737,3443,2275,3354,3061,0.21021611,0.17824773,0.230569948186528,0.23249299719888,509,331,386,357,0.22680412,0.24251497,0.213197969543147,0.207236842105263,485,334,394,304,"0",4,0.25587958607714,0.23878205,"0.928","2016-07-16"
"172",0.26174896,0.26505608,0.241502683363148,0.238484155504737,8405,5795,3354,3061,0.25742574,0.22073579,0.230569948186528,0.23249299719888,404,299,386,357,0.28820961,0.26605505,0.213197969543147,0.207236842105263,458,327,394,304,"0",4,0.25587958607714,0.25661804,"0.928","2016-07-16"
"173",0.23226112,0.23126801,0.237277147487844,0.238484155504737,2114,1388,3085,3061,0.26724138,0.2892562,0.212962962962963,0.23249299719888,348,242,324,357,0.24675325,0.24468085,0.218068535825545,0.207236842105263,154,94,321,304,"1",3,0.25587958607714,0.21958457,"0.928","2016-07-16"
"174",0.22348485,0.23265306,0.241502683363148,0.238484155504737,264,245,3354,3061,0.18181818,0.21568627,0.230569948186528,0.23249299719888,33,51,386,357,0.24675325,0.33333333,0.213197969543147,0.207236842105263,77,45,394,304,"1",2,0.25587958607714,0.23655914,"0.928","2016-07-16"
"175",0.24721604,0.23655914,0.237277147487844,0.238484155504737,449,279,3085,3061,0.24721604,0.23655914,0.212962962962963,0.23249299719888,449,279,324,357,0.24721604,0.23655914,0.218068535825545,0.207236842105263,449,279,321,304,"0",2,0.25587958607714,0.24489796,"0.928","2016-07-16"
"176",0.23975681,0.24419048,0.241502683363148,0.238484155504737,3783,2625,3354,3061,0.21809745,0.22121212,0.230569948186528,0.23249299719888,431,330,386,357,0.22754491,0.23595506,0.213197969543147,0.207236842105263,501,356,394,304,"1",3,0.25587958607714,0.22964763,"0.928","2016-07-16"
"177",0.18568995,0.17673378,0.241502683363148,0.238484155504737,587,447,3354,3061,0.20192308,0.16438356,0.230569948186528,0.23249299719888,104,73,386,357,0.33333333,NA,0.213197969543147,0.207236842105263,3,NA,394,304,"0",3,0.25587958607714,0.24137931,"0.928","2016-07-16"
"178",0.21428571,NA,0.241502683363148,0.238484155504737,14,NA,3354,3061,NA,NA,0.230569948186528,0.23249299719888,NA,NA,386,357,0.2,NA,0.213197969543147,0.207236842105263,5,NA,394,304,"0",1,0.25587958607714,0.33333333,"0.928","2016-07-16"
"179",0.22244094,0.22222222,0.199614890885751,0.188244638602065,508,270,1558,1259,0.25352113,0.18918919,NA,NA,71,37,NA,NA,0.20962199,0.22727273,0.22020725388601,0.231974921630094,291,154,386,319,"1",3,0.210796915167095,0.26811594,"0.928","2016-07-16"
"180",0.24557957,0.25,0.182142857142857,0.188244638602065,1018,652,1120,1259,0.24356436,0.26433121,NA,NA,505,314,NA,NA,0.24356436,0.26433121,0.219178082191781,0.231974921630094,505,314,219,319,"0",4,0.210796915167095,0.20089286,"0.928","2016-07-16"
"181",0.23746702,0.23484848,0.199614890885751,0.188244638602065,2274,1584,1558,1259,0.22862823,0.21621622,NA,NA,503,333,NA,NA,0.24269663,0.2681388,0.22020725388601,0.231974921630094,445,317,386,319,"1",4,0.210796915167095,0.22964169,"0.928","2016-07-16"
"182",0.21735811,0.21331372,0.199614890885751,0.188244638602065,3929,2719,1558,1259,0.21978022,0.25378788,NA,NA,364,264,NA,NA,0.2125,0.23708207,0.22020725388601,0.231974921630094,480,329,386,319,"0",3,0.210796915167095,0.23276836,"0.928","2016-07-16"
"183",0.23529412,0.27586207,0.182142857142857,0.188244638602065,204,145,1120,1259,0.23529412,0.27586207,NA,NA,204,145,NA,NA,0.23529412,0.27586207,0.219178082191781,0.231974921630094,204,145,219,319,"1",4,0.210796915167095,0.20792079,"0.928","2016-07-16"
"184",0.24238129,0.22890972,0.199614890885751,0.188244638602065,2822,2027,1558,1259,0.27039627,0.26870748,NA,NA,429,294,NA,NA,0.26734694,0.21495327,0.22020725388601,0.231974921630094,490,321,386,319,"0",3,0.210796915167095,0.23660714,"0.928","2016-07-16"
"185",0.22884386,0.23791822,0.182142857142857,0.188244638602065,839,538,1120,1259,0.24317618,0.23481781,NA,NA,403,247,NA,NA,0.24317618,0.23481781,0.219178082191781,0.231974921630094,403,247,219,319,"0",4,0.210796915167095,0.22680412,"0.928","2016-07-16"
"186",0.2315757,0.2255489,0.199614890885751,0.188244638602065,3243,2004,1558,1259,0.21613833,0.23,NA,NA,347,200,NA,NA,0.22022472,0.22021661,0.22020725388601,0.231974921630094,445,277,386,319,"0",2,0.210796915167095,0.23076923,"0.928","2016-07-16"
"187",0.14963504,0.14364641,0.182142857142857,0.188244638602065,274,181,1120,1259,0.15873016,0.12121212,NA,NA,63,33,NA,NA,0.14285714,0.17647059,0.219178082191781,0.231974921630094,35,17,219,319,"0",1,0.210796915167095,0.13114754,"0.928","2016-07-16"
"188",0.24401914,0.21763869,0.264563106796116,0.252427184466019,418,703,412,309,0.25373134,0.25,0.257309941520468,0.259541984732824,67,64,171,131,0.21052632,0.1589404,0.257309941520468,0.259541984732824,95,151,171,131,"1",5,0.370967741935484,0.23611111,"0.97","2016-07-16"
"189",0.24067797,0.24361949,0.264563106796116,0.252427184466019,295,431,412,309,0.23300971,0.2375,0.257309941520468,0.259541984732824,103,160,171,131,0,0.25,0.257309941520468,0.259541984732824,2,4,171,131,"1",4,0.370967741935484,0.25568182,"0.97","2016-07-16"
"190",0.29655172,0.28010825,0.264563106796116,0.252427184466019,1450,2956,412,309,0.26950355,0.28985507,0.257309941520468,0.259541984732824,141,276,171,131,0.26174497,0.22945205,0.257309941520468,0.259541984732824,149,292,171,131,"1",3,0.370967741935484,0.26688815,"0.97","2016-07-16"
"191",0.26751592,0.26275208,0.264563106796116,0.252427184466019,785,1686,412,309,0.23076923,0.28506787,0.257309941520468,0.259541984732824,104,221,171,131,0.27096774,0.26376812,0.257309941520468,0.259541984732824,155,345,171,131,"1",3,0.370967741935484,0.25367647,"0.97","2016-07-16"
"192",0.18452381,0.19281525,0.264563106796116,0.252427184466019,840,1364,412,309,0.16842105,0.16393443,0.257309941520468,0.259541984732824,190,244,171,131,0.20625,0.19503546,0.257309941520468,0.259541984732824,160,282,171,131,"1",4,0.370967741935484,0.17339667,"0.97","2016-07-16"
"193",0.17180617,0.25988024,0.261904761904762,0.252427184466019,227,835,126,309,0.11111111,0.25268817,0.285714285714286,0.259541984732824,36,186,49,131,0.0952381,0.24206349,0.285714285714286,0.259541984732824,42,252,49,131,"1",5,0.370967741935484,0.27307692,"0.97","2016-07-16"
"194",0.22865014,0.20151515,0.264563106796116,0.252427184466019,363,660,412,309,0.18918919,0.18243243,0.257309941520468,0.259541984732824,74,148,171,131,0.15789474,0.15862069,0.257309941520468,0.259541984732824,57,145,171,131,"1",4,0.370967741935484,0.20491803,"0.97","2016-07-16"
"195",0.20833333,0.20886076,0.261904761904762,0.252427184466019,72,158,126,309,0.25,0.14285714,0.285714285714286,0.259541984732824,4,14,49,131,0.25,0.14285714,0.285714285714286,0.259541984732824,4,14,49,131,"0",3,0.370967741935484,0.12987013,"0.97","2016-07-16"
"196",0.09677419,0.07042254,0.264563106796116,0.252427184466019,31,71,412,309,0.14285714,0.13333333,0.257309941520468,0.259541984732824,7,30,171,131,0.2,0,0.257309941520468,0.259541984732824,5,9,171,131,"1",4,0.370967741935484,0.1,"0.97","2016-07-16"
"197",0.22360894,0.22553897,0.220472440944882,0.237158469945355,1923,1206,1016,915,0.21604938,0.18965517,0.179425837320574,0.237244897959184,162,116,418,392,0.19672131,0.22304833,0.282894736842105,0.271844660194175,427,269,152,103,"0",3,0.214899713467049,0.22273782,"0.97","2016-07-16"
"198",0.22454308,0.21978022,0.234567901234568,0.237158469945355,1149,728,891,915,0.19637462,0.22321429,0.263473053892216,0.237244897959184,331,224,334,392,0.22608696,0.19285714,0.245283018867925,0.271844660194175,460,280,159,103,"0",4,0.214899713467049,0.22112211,"0.97","2016-07-16"
"199",0.26005291,0.248307,0.234567901234568,0.237158469945355,3780,2658,891,915,0.23917526,0.22190202,0.263473053892216,0.237244897959184,485,347,334,392,0.18932039,0.25,0.245283018867925,0.271844660194175,206,124,159,103,"1",5,0.214899713467049,0.27641278,"0.97","2016-07-16"
"200",0.2303263,0.22521468,0.234567901234568,0.237158469945355,3647,2562,891,915,0.20043103,0.20820189,0.263473053892216,0.237244897959184,464,317,334,392,0.21204819,0.16728625,0.245283018867925,0.271844660194175,415,269,159,103,"0",2,0.214899713467049,0.20883055,"0.97","2016-07-16"
"201",0.21746881,0.18888889,0.220472440944882,0.237158469945355,561,360,1016,915,0.20754717,0.14285714,0.179425837320574,0.237244897959184,53,35,418,392,0.2,0.16666667,0.282894736842105,0.271844660194175,35,42,152,103,"1",4,0.214899713467049,0.21311475,"0.97","2016-07-16"
"202",0.23116615,0.23501577,0.220472440944882,0.237158469945355,969,634,1016,915,0.25974026,0.28140704,0.179425837320574,0.237244897959184,308,199,418,392,0.21910112,0.192,0.282894736842105,0.271844660194175,178,125,152,103,"0",4,0.214899713467049,0.23622047,"0.97","2016-07-16"
"203",0.29951691,0.32142857,0.220472440944882,0.237158469945355,207,140,1016,915,0,0.23529412,0.179425837320574,0.237244897959184,8,17,418,392,0,0.23529412,0.282894736842105,0.271844660194175,8,17,152,103,"1",3,0.214899713467049,0.225,"0.97","2016-07-16"
"204",0.24848485,0.24528302,0.234567901234568,0.237158469945355,165,106,891,915,0.36363636,0.28571429,0.263473053892216,0.237244897959184,22,14,334,392,0.36363636,0.28571429,0.245283018867925,0.271844660194175,22,14,159,103,"1",4,0.214899713467049,0.21875,"0.97","2016-07-16"
"205",0.08,0.09090909,0.234567901234568,0.237158469945355,25,22,891,915,0.125,0.125,0.263473053892216,0.237244897959184,8,8,334,392,0.125,0.125,0.245283018867925,0.271844660194175,8,8,159,103,"0",1,0.214899713467049,0,"0.97","2016-07-16"
"206",0.26374429,0.25617858,0.252851711026616,0.218390804597701,5475,3763,526,522,0.2568306,0.24295775,0.241758241758242,0.164556962025316,366,284,91,79,0.27004219,0.2625,0.241758241758242,0.164556962025316,474,320,91,79,"1",2,0.226666666666667,0.28487085,"0.924","2016-07-16"
"207",0.23441329,0.24188679,0.252851711026616,0.218390804597701,3673,2650,526,522,0.23273657,0.24092409,0.241758241758242,0.164556962025316,391,303,91,79,0.20833333,0.20462046,0.241758241758242,0.164556962025316,432,303,91,79,"1",4,0.226666666666667,0.22310757,"0.924","2016-07-16"
"208",0.2315482,0.22935268,0.252851711026616,0.218390804597701,5135,3584,526,522,0.23562152,0.23229462,0.241758241758242,0.164556962025316,539,353,91,79,0.18828452,0.21921922,0.241758241758242,0.164556962025316,478,333,91,79,"1",4,0.226666666666667,0.2381802,"0.924","2016-07-16"
"209",0.24535809,0.2389517,0.252851711026616,0.218390804597701,3016,1946,526,522,0.24750499,0.25649351,0.241758241758242,0.164556962025316,501,308,91,79,0.24168514,0.23529412,0.241758241758242,0.164556962025316,451,289,91,79,"0",3,0.226666666666667,0.28425656,"0.924","2016-07-16"
"210",0.26958637,0.27187948,0.252851711026616,0.218390804597701,4110,2788,526,522,0.27424749,0.23671498,0.241758241758242,0.164556962025316,299,207,91,79,0.27659574,0.26299694,0.241758241758242,0.164556962025316,470,327,91,79,"1",3,0.226666666666667,0.25429185,"0.924","2016-07-16"
"211",0.2261185,0.22482014,0.192622950819672,0.218390804597701,827,556,488,522,0.22685185,0.2556391,0.160714285714286,0.164556962025316,216,133,112,79,0.21904762,0.2300885,0.160714285714286,0.164556962025316,315,226,112,79,"1",3,0.226666666666667,0.24050633,"0.924","2016-07-16"
"212",0.25,0.22580645,0.252851711026616,0.218390804597701,72,31,526,522,0.25,0.22580645,0.241758241758242,0.164556962025316,72,31,91,79,0.25,0.22580645,0.241758241758242,0.164556962025316,72,31,91,79,"0",4,0.226666666666667,0.2,"0.924","2016-07-16"
"213",0.23355577,0.25981055,0.192622950819672,0.218390804597701,1049,739,488,522,0.24324324,0.25339367,0.160714285714286,0.164556962025316,333,221,112,79,0.24301676,0.25877193,0.160714285714286,0.164556962025316,358,228,112,79,"1",3,0.226666666666667,0.23529412,"0.924","2016-07-16"
"214",0.04761905,0.05555556,0.192622950819672,0.218390804597701,21,18,488,522,0,0,0.160714285714286,0.164556962025316,6,6,112,79,0,0,0.160714285714286,0.164556962025316,6,6,112,79,"0",1,0.226666666666667,0,"0.924","2016-07-16"
"215",0.27201784,0.26455026,0.226148409893993,0.241496598639456,897,567,283,294,0.27543424,0.28063241,0.173913043478261,0.161904761904762,403,253,92,105,0.27543424,0.28063241,0.173913043478261,0.161904761904762,403,253,92,105,"1",4,0.198581560283688,0.2617801,"0.924","2016-07-16"
"216",0.21736011,0.23235294,0.223642172523962,0.241496598639456,1394,1020,313,294,0.17218543,0.19642857,0.183673469387755,0.161904761904762,151,112,98,105,0.22651934,0.22727273,0.183673469387755,0.161904761904762,181,154,98,105,"0",4,0.198581560283688,0.20454545,"0.924","2016-07-16"
"217",0.22011385,0.22256569,0.226148409893993,0.241496598639456,1054,647,283,294,0.230563,0.22173913,0.173913043478261,0.161904761904762,373,230,92,105,0.22608696,0.23671498,0.173913043478261,0.161904761904762,345,207,92,105,"1",3,0.198581560283688,0.19259259,"0.924","2016-07-16"
"218",0.24285714,0.24457594,0.223642172523962,0.241496598639456,770,507,313,294,0.27380952,0.27329193,0.183673469387755,0.161904761904762,252,161,98,105,0.24,0.20833333,0.183673469387755,0.161904761904762,25,24,98,105,"1",4,0.198581560283688,0.23809524,"0.924","2016-07-16"
"219",0.23977123,0.22801508,0.226148409893993,0.241496598639456,4546,3184,283,294,0.23737374,0.20992366,0.173913043478261,0.161904761904762,396,262,92,105,0.19607843,0.2,0.173913043478261,0.161904761904762,459,315,92,105,"1",4,0.198581560283688,0.23160763,"0.924","2016-07-16"
"220",0.23253012,0.23679417,0.226148409893993,0.241496598639456,830,549,283,294,0.22891566,0.26666667,0.173913043478261,0.161904761904762,166,120,92,105,0.2,0.16,0.173913043478261,0.161904761904762,25,25,92,105,"1",4,0.198581560283688,0.25384615,"0.924","2016-07-16"
"221",0.2303197,0.22535934,0.223642172523962,0.241496598639456,2909,1948,313,294,0.1627907,0.16556291,0.183673469387755,0.161904761904762,258,151,98,105,0.22089552,0.21367521,0.183673469387755,0.161904761904762,335,234,98,105,"1",3,0.198581560283688,0.23252033,"0.924","2016-07-16"
"222",0.22119816,0.22393365,0.226148409893993,0.241496598639456,1302,844,283,294,0.23409091,0.23389831,0.173913043478261,0.161904761904762,440,295,92,105,0.15662651,0.21568627,0.173913043478261,0.161904761904762,83,51,92,105,"1",4,0.198581560283688,0.26130653,"0.924","2016-07-16"
"223",0.14754098,0.09756098,0.223642172523962,0.241496598639456,61,41,313,294,0.16666667,0,0.183673469387755,0.161904761904762,12,6,98,105,0.16666667,0,0.183673469387755,0.161904761904762,12,6,98,105,"1",3,0.198581560283688,0.14285714,"0.924","2016-07-16"
"224",0.26298891,0.23580786,0.287581699346405,0.302238805970149,3426,2519,306,268,0.30097087,0.32142857,0.287581699346405,0.302238805970149,206,140,306,268,0.29052632,0.22960725,0.287581699346405,0.302238805970149,475,331,306,268,"1",5,0.276923076923077,0.2722372,"1.042","2016-07-16"
"225",0.26029173,0.2386059,0.287581699346405,0.302238805970149,3085,2238,306,268,0.22250639,0.23404255,0.287581699346405,0.302238805970149,391,282,306,268,0.30827068,0.25853659,0.287581699346405,0.302238805970149,266,205,306,268,"1",5,0.276923076923077,0.24147727,"1.042","2016-07-16"
"226",0.23741007,0.2267525,0.287581699346405,0.302238805970149,1946,1398,306,268,0.25304136,0.22064057,0.287581699346405,0.302238805970149,411,281,306,268,0.21341463,0.22147651,0.287581699346405,0.302238805970149,164,149,306,268,"0",4,0.276923076923077,0.19811321,"1.042","2016-07-16"
"227",0.26498304,0.28400831,0.278089887640449,0.302238805970149,2653,1926,356,268,0.28210526,0.29573171,0.278089887640449,0.302238805970149,475,328,356,268,0.28132388,0.30744337,0.278089887640449,0.302238805970149,423,309,356,268,"1",5,0.276923076923077,0.29827586,"1.042","2016-07-16"
"228",0.2219637,0.22403658,0.287581699346405,0.302238805970149,2149,1531,306,268,0.22738386,0.22903226,0.287581699346405,0.302238805970149,409,310,306,268,0.1865285,0.21478873,0.287581699346405,0.302238805970149,386,284,306,268,"1",5,0.276923076923077,0.20481928,"1.042","2016-07-16"
"229",0.24503311,0.27083333,0.287581699346405,0.302238805970149,151,96,306,268,0.28205128,0.46666667,0.287581699346405,0.302238805970149,39,15,306,268,0.28205128,0.46666667,0.287581699346405,0.302238805970149,39,15,306,268,"0",2,0.276923076923077,0.15789474,"1.042","2016-07-16"
"230",0.24215607,0.24659401,0.287581699346405,0.302238805970149,1243,734,306,268,0.21097046,0.22137405,0.287581699346405,0.302238805970149,237,131,306,268,0.2720403,0.28968254,0.287581699346405,0.302238805970149,397,252,306,268,"0",3,0.276923076923077,0.2481203,"1.042","2016-07-16"
"231",0.24909091,0.2211838,0.287581699346405,0.302238805970149,550,321,306,268,NA,NA,0.287581699346405,0.302238805970149,NA,NA,306,268,0.20740741,0.20547945,0.287581699346405,0.302238805970149,135,73,306,268,"1",5,0.276923076923077,0.21698113,"1.042","2016-07-16"
"232",0.10055866,0.1056338,0.278089887640449,0.302238805970149,179,142,356,268,0.5,NA,0.278089887640449,0.302238805970149,2,NA,356,268,0.12,0.10526316,0.278089887640449,0.302238805970149,25,19,356,268,"1",2,0.276923076923077,0.08571429,"1.042","2016-07-16"
"233",0.22739726,0.22978723,0.23035343035343,0.223091976516634,365,235,2405,2555,0.18666667,0.22641509,0.253763440860215,0.237580993520518,75,53,465,463,0.18666667,0.22641509,0.225490196078431,0.236775818639798,75,53,408,397,"1",3,0.201701093560146,0.15909091,"1.042","2016-07-16"
"234",0.23476112,0.23786408,0.220650095602294,0.223091976516634,1214,824,2615,2555,0.23195876,0.21323529,0.247191011235955,0.237580993520518,194,136,445,463,0.20948617,0.19879518,0.210191082802548,0.236775818639798,253,166,471,397,"0",3,0.201701093560146,0.24528302,"1.042","2016-07-16"
"235",0.24959406,0.25883176,0.220650095602294,0.223091976516634,4311,2859,2615,2555,0.2407045,0.2652439,0.247191011235955,0.237580993520518,511,328,445,463,0.26728111,0.25337838,0.210191082802548,0.236775818639798,434,296,471,397,"1",5,0.201701093560146,0.26816239,"1.042","2016-07-16"
"236",0.24513274,0.25169147,0.23035343035343,0.223091976516634,1130,739,2405,2555,0.25623583,0.27112676,0.253763440860215,0.237580993520518,441,284,465,463,0.21082621,0.22177419,0.225490196078431,0.236775818639798,351,248,408,397,"1",5,0.201701093560146,0.264,"1.042","2016-07-16"
"237",0.22666667,0.25954198,0.23035343035343,0.223091976516634,225,131,2405,2555,0.33333333,1,0.253763440860215,0.237580993520518,6,2,465,463,0.33333333,1,0.225490196078431,0.236775818639798,6,2,408,397,"1",4,0.201701093560146,0.28571429,"1.042","2016-07-16"
"238",0.18929403,0.21564694,0.220650095602294,0.223091976516634,1289,997,2615,2555,0.21985816,0.23272727,0.247191011235955,0.237580993520518,423,275,445,463,0.21189591,0.25925926,0.210191082802548,0.236775818639798,269,216,471,397,"1",5,0.201701093560146,0.190625,"1.042","2016-07-16"
"239",0.19259259,0.18518519,0.23035343035343,0.223091976516634,270,162,2405,2555,0.19259259,0.18518519,0.253763440860215,0.237580993520518,270,162,465,463,0.19259259,0.18518519,0.225490196078431,0.236775818639798,270,162,408,397,"1",3,0.201701093560146,0.22580645,"1.042","2016-07-16"
"240",0.244854,0.2506508,0.220650095602294,0.223091976516634,4178,2689,2615,2555,0.22474227,0.2516129,0.247191011235955,0.237580993520518,485,310,445,463,0.25858586,0.28353659,0.210191082802548,0.236775818639798,495,328,471,397,"1",2,0.201701093560146,0.26280624,"1.042","2016-07-16"
"241",0.09677419,0.11764706,0.220650095602294,0.223091976516634,31,17,2615,2555,0.09677419,0.11764706,0.247191011235955,0.237580993520518,31,17,445,463,0.09677419,0.11764706,0.210191082802548,0.236775818639798,31,17,471,397,"0",2,0.201701093560146,0.1,"1.042","2016-07-16"
"242",0.27004717,0.29664179,0.22054760110525,0.22243090957875,848,536,3981,3727,0.2386059,0.26068376,0.215384615384615,0.238095238095238,373,234,65,63,0.20689655,0.28571429,0.188405797101449,0.222222222222222,29,21,483,396,"0",4,0.228389444949955,0.28235294,"0.972","2016-07-16"
"243",0.26424178,0.26265238,0.22054760110525,0.22243090957875,3739,2707,3981,3727,0.25295508,0.26206897,0.215384615384615,0.238095238095238,423,290,65,63,0.24444444,0.26262626,0.188405797101449,0.222222222222222,450,297,483,396,"0",3,0.228389444949955,0.2673031,"0.972","2016-07-16"
"244",0.2628866,0.27024568,0.234936092513694,0.22243090957875,1552,1099,3286,3727,0.27559055,0.28947368,0.239130434782609,0.238095238095238,381,266,46,63,0.23904382,0.23796034,0.224096385542169,0.222222222222222,502,353,415,396,"1",3,0.228389444949955,0.27586207,"0.972","2016-07-16"
"245",0.22618596,0.22338569,0.22054760110525,0.22243090957875,2635,1719,3981,3727,0.22709163,0.23076923,0.215384615384615,0.238095238095238,251,156,65,63,0.23137255,0.22327044,0.188405797101449,0.222222222222222,510,318,483,396,"0",4,0.228389444949955,0.22141561,"0.972","2016-07-16"
"246",0.23824451,0.23934109,0.22054760110525,0.22243090957875,1595,1032,3981,3727,0.225,0.22672065,0.215384615384615,0.238095238095238,400,247,65,63,0.25406504,0.23151125,0.188405797101449,0.222222222222222,492,311,483,396,"0",3,0.228389444949955,0.2116041,"0.972","2016-07-16"
"247",0.22513661,0.22687609,0.234936092513694,0.22243090957875,915,573,3286,3727,0.23529412,0.22377622,0.239130434782609,0.238095238095238,238,143,46,63,0.20625,0.20454545,0.224096385542169,0.222222222222222,160,88,415,396,"0",3,0.228389444949955,0.18877551,"0.972","2016-07-16"
"248",0.25023127,0.26123779,0.22054760110525,0.22243090957875,2162,1535,3981,3727,0.20125786,0.21481481,0.215384615384615,0.238095238095238,159,135,65,63,0.22222222,0.25732899,0.188405797101449,0.222222222222222,486,307,483,396,"0",2,0.228389444949955,0.27748691,"0.972","2016-07-16"
"249",0.23483584,0.24874372,0.22054760110525,0.22243090957875,1797,1194,3981,3727,0.25124378,0.28,0.215384615384615,0.238095238095238,402,250,65,63,0.24568966,0.24579125,0.188405797101449,0.222222222222222,464,297,483,396,"1",3,0.228389444949955,0.2617801,"0.972","2016-07-16"
"250",0.07428571,0.09090909,0.22054760110525,0.22243090957875,175,121,3981,3727,0.09090909,0.11764706,0.215384615384615,0.238095238095238,55,34,65,63,0.06,0.06896552,0.188405797101449,0.222222222222222,50,29,483,396,"0",1,0.228389444949955,0.05555556,"0.972","2016-07-16"
"251",0.225,0.19230769,0.233713901947616,0.235148514851485,240,156,1489,1616,0.2421875,0.20895522,0.220512820512821,0.236533957845433,128,67,390,427,0,NA,0.222506393861893,0.235011990407674,1,0,391,417,"1",4,0.223913043478261,0.19852941,"0.972","2016-07-16"
"252",0.27575758,0.25104603,0.233713901947616,0.235148514851485,330,239,1489,1616,0.27575758,0.25104603,0.220512820512821,0.236533957845433,330,239,390,427,0.27575758,0.25104603,0.222506393861893,0.235011990407674,330,239,391,417,"0",3,0.223913043478261,0.25438596,"0.972","2016-07-16"
"253",0.25112108,0.28508772,0.233713901947616,0.235148514851485,669,456,1489,1616,0.27368421,0.32592593,0.220512820512821,0.236533957845433,190,135,390,427,0.27368421,0.32592593,0.222506393861893,0.235011990407674,190,135,391,417,"1",3,0.223913043478261,0.27067669,"0.972","2016-07-16"
"254",0.23763955,0.24561404,0.233713901947616,0.235148514851485,627,456,1489,1616,0.25431034,0.25414365,0.220512820512821,0.236533957845433,232,181,390,427,0.23076923,0.25925926,0.222506393861893,0.235011990407674,52,54,391,417,"1",3,0.223913043478261,0.24698795,"0.972","2016-07-16"
"255",0.2628524,0.27162162,0.220064724919094,0.235148514851485,1206,740,1545,1616,0.2327044,0.30379747,0.229268292682927,0.236533957845433,159,79,410,427,0.29792148,0.29078014,0.218446601941748,0.235011990407674,433,282,412,417,"1",4,0.223913043478261,0.22,"0.972","2016-07-16"
"256",0.24656751,0.24445069,0.233713901947616,0.235148514851485,5244,3559,1489,1616,0.25974026,0.24534161,0.220512820512821,0.236533957845433,462,322,390,427,0.24074074,0.247557,0.222506393861893,0.235011990407674,486,307,391,417,"1",4,0.223913043478261,0.25766363,"0.972","2016-07-16"
"257",0.26283322,0.25890501,0.233713901947616,0.235148514851485,4539,3032,1489,1616,0.26683938,0.24637681,0.220512820512821,0.236533957845433,386,276,390,427,0.25816024,0.27272727,0.222506393861893,0.235011990407674,337,231,391,417,"1",4,0.223913043478261,0.25492228,"0.972","2016-07-16"
"258",0.22330097,0.21632653,0.220064724919094,0.235148514851485,1133,735,1545,1616,0.24827586,0.23934426,0.229268292682927,0.236533957845433,435,305,410,427,0.21568627,0.23076923,0.218446601941748,0.235011990407674,357,234,412,417,"0",3,0.223913043478261,0.23904382,"0.972","2016-07-16"
"259",0.175,0.19512195,0.233713901947616,0.235148514851485,440,328,1489,1616,0,0,0.220512820512821,0.236533957845433,8,5,390,427,0.1,0.11764706,0.222506393861893,0.235011990407674,60,34,391,417,"0",4,0.223913043478261,0.13,"0.972","2016-07-16"
"260",0.23797841,0.23509075,0.217198581560284,0.213565536205316,2038,1157,1128,1091,0.24873096,0.27522936,0.266666666666667,0.265060240963855,197,109,225,166,0.24290221,0.22941176,0.217073170731707,0.221649484536082,317,170,410,388,"1",4,0.206586826347305,0.23650386,"0.974","2016-07-16"
"261",0.25987842,0.26666667,0.219899665551839,0.213565536205316,1974,1260,1196,1091,0.27162978,0.25958702,0.243801652892562,0.265060240963855,497,339,242,166,0.26057906,0.26086957,0.229381443298969,0.221649484536082,449,253,388,388,"0",3,0.206586826347305,0.25268817,"0.974","2016-07-16"
"262",0.24601423,0.24206949,0.219899665551839,0.213565536205316,4077,2648,1196,1091,0.22893773,0.20630372,0.243801652892562,0.265060240963855,546,349,242,166,0.27272727,0.25294118,0.229381443298969,0.221649484536082,528,340,388,388,"1",4,0.206586826347305,0.26102503,"0.974","2016-07-16"
"263",0.25531915,0.21513002,0.219899665551839,0.213565536205316,658,423,1196,1091,0.27297297,0.24324324,0.243801652892562,0.265060240963855,370,222,242,166,0.27297297,0.24324324,0.229381443298969,0.221649484536082,370,222,388,388,"0",3,0.206586826347305,0.27388535,"0.974","2016-07-16"
"264",0.20362622,0.21759623,0.219899665551839,0.213565536205316,1434,1273,1196,1091,0.23611111,0.25210084,0.243801652892562,0.265060240963855,144,119,242,166,0.19327731,0.27142857,0.229381443298969,0.221649484536082,119,140,388,388,"1",4,0.206586826347305,0.20243902,"0.974","2016-07-16"
"265",0.26278772,0.26479146,0.219899665551839,0.213565536205316,1564,1031,1196,1091,0.26586103,0.24074074,0.243801652892562,0.265060240963855,331,216,242,166,0.2900232,0.3003663,0.229381443298969,0.221649484536082,431,273,388,388,"1",4,0.206586826347305,0.24723247,"0.974","2016-07-16"
"266",0.22023047,0.22482893,0.219899665551839,0.213565536205316,1562,1023,1196,1091,0.21470588,0.21428571,0.243801652892562,0.265060240963855,340,224,242,166,0.21361502,0.22302158,0.229381443298969,0.221649484536082,426,278,388,388,"1",3,0.206586826347305,0.26724138,"0.974","2016-07-16"
"267",0.21463415,0.18452381,0.219899665551839,0.213565536205316,205,168,1196,1091,0.23809524,0.07692308,0.243801652892562,0.265060240963855,21,13,242,166,0.19565217,0.25490196,0.229381443298969,0.221649484536082,46,51,388,388,"0",3,0.206586826347305,0.23913043,"0.974","2016-07-16"
"268",0.14379085,0.13541667,0.219899665551839,0.213565536205316,153,96,1196,1091,0.08928571,0.16666667,0.243801652892562,0.265060240963855,56,36,242,166,0.17948718,0.12,0.229381443298969,0.221649484536082,39,25,388,388,"0",1,0.206586826347305,0.14814815,"0.974","2016-07-16"
"269",0.26351971,0.25549806,0.231514084507042,0.231578947368421,2182,1546,1136,1140,0.30021598,0.25925926,0.204326923076923,0.215419501133787,463,324,416,441,0.27891156,0.28980892,0.220588235294118,0.238754325259516,441,314,272,289,"0",3,0.197568389057751,0.27374302,"0.974","2016-07-16"
"270",0.22470904,0.23923128,0.231078904991948,0.231578947368421,4468,3018,1242,1140,0.19112628,0.21264368,0.235576923076923,0.215419501133787,293,174,416,441,0.23849372,0.25227964,0.224080267558528,0.238754325259516,478,329,299,289,"0",3,0.197568389057751,0.23268398,"0.974","2016-07-16"
"271",0.2430484,0.23665224,0.231514084507042,0.231578947368421,1942,1386,1136,1140,0.26451613,0.26829268,0.204326923076923,0.215419501133787,465,328,416,441,0.24652778,0.22641509,0.220588235294118,0.238754325259516,288,212,272,289,"1",4,0.197568389057751,0.20038168,"0.974","2016-07-16"
"272",0.23603264,0.24011572,0.231078904991948,0.231578947368421,1593,1037,1242,1140,0.21875,0.22222222,0.235576923076923,0.215419501133787,288,189,416,441,0.2475442,0.25222552,0.224080267558528,0.238754325259516,509,337,299,289,"1",4,0.197568389057751,0.21646341,"0.974","2016-07-16"
"273",0.21359223,0.19269103,0.231514084507042,0.231578947368421,515,301,1136,1140,0.22292994,0.18716578,0.204326923076923,0.215419501133787,314,187,416,441,0.375,0.125,0.220588235294118,0.238754325259516,8,8,272,289,"1",4,0.197568389057751,0.20588235,"0.974","2016-07-16"
"274",0.24227094,0.25556545,0.231078904991948,0.231578947368421,1779,1123,1242,1140,0.21578947,0.21960784,0.235576923076923,0.215419501133787,380,255,416,441,0.23465704,0.27218935,0.224080267558528,0.238754325259516,277,169,299,289,"1",4,0.197568389057751,0.25065963,"0.974","2016-07-16"
"275",0.23217294,0.22957687,0.231514084507042,0.231578947368421,3562,2387,1136,1140,0.17065868,0.16267943,0.204326923076923,0.215419501133787,334,209,416,441,0.15450644,0.16216216,0.220588235294118,0.238754325259516,233,148,272,289,"1",4,0.197568389057751,0.22857143,"0.974","2016-07-16"
"276",0.19141324,0.21201657,0.231514084507042,0.231578947368421,2236,1448,1136,1140,0.20766773,0.19607843,0.204326923076923,0.215419501133787,313,204,416,441,0.1686747,0.23888889,0.220588235294118,0.238754325259516,249,180,272,289,"1",3,0.197568389057751,0.21004566,"0.974","2016-07-16"
"277",0.11392405,0.1547619,0.231078904991948,0.231578947368421,158,84,1242,1140,0.125,0.33333333,0.235576923076923,0.215419501133787,24,9,416,441,0.07936508,0.11764706,0.224080267558528,0.238754325259516,63,34,299,289,"1",4,0.197568389057751,0.15151515,"0.974","2016-07-16"
